{"cameraMode":{"drawMode":0,"name":"Shaded","section":"Shading Mode"},"sceneLighting":true,"audioPlay":false,"sceneViewState":{"showFog":true,"showMaterialUpdate":false,"showSkybox":true,"showFlares":true,"showImageEffects":true,"showParticleSystems":true},"in2DMode":false,"pivot":{"x":-72.99459075927735,"y":-50.39678955078125,"z":16.182802200317384},"rotation":{"x":-0.22806726396083833,"y":0.5921705365180969,"z":-0.1797480434179306,"w":-0.7517589926719666},"size":51.559234619140628,"orthographic":false}